-- Poblar la tabla USUARIOS
INSERT INTO USUARIOS (nombre, apellido, username, password, email) VALUES
('Juan', 'Pérez', 'juanp', 'password1', 'juanp@example.com'),
('María', 'López', 'marial', 'password2', 'marial@example.com'),
('Carlos', 'Sánchez', 'carloss', 'password3', 'carloss@example.com'),
('Ana', 'Martínez', 'anam', 'password4', 'anam@example.com'),
('Luis', 'García', 'luisg', 'password5', 'luisg@example.com'),
('Carmen', 'Gómez', 'carmeng', 'password6', 'carmeng@example.com'),
('Pedro', 'Fernández', 'pedrof', 'password7', 'pedrof@example.com'),
('Laura', 'Rodríguez', 'laurar', 'password8', 'laurar@example.com'),
('Miguel', 'Hernández', 'miguelh', 'password9', 'miguelh@example.com'),
('Sara', 'Díaz', 'sarad', 'password10', 'sarad@example.com'),
('Andrés', 'Ruiz', 'andresr', 'password11', 'andresr@example.com'),
('Elena', 'Jiménez', 'elenaj', 'password12', 'elenaj@example.com'),
('Jorge', 'Moreno', 'jorgem', 'password13', 'jorgem@example.com'),
('Patricia', 'Muñoz', 'patriciam', 'password14', 'patriciam@example.com'),
('Ricardo', 'Romero', 'ricardor', 'password15', 'ricardor@example.com'),
('Valeria', 'Navarro', 'valerian', 'password16', 'valerian@example.com'),
('Alejandro', 'Ramos', 'alejandror', 'password17', 'alejandror@example.com'),
('Isabel', 'Gil', 'isabelg', 'password18', 'isabelg@example.com'),
('Raúl', 'Ortiz', 'raulo', 'password19', 'raulo@example.com'),
('Gabriela', 'Alonso', 'gabrielaa', 'password20', 'gabrielaa@example.com');

-- Poblar la tabla DISPOSITIVOS
INSERT INTO DISPOSITIVOS (idUsuario, tipoDispositivo, claveDispositivo) VALUES
(1, 'Móvil', 'clave1'),
(2, 'Tablet', 'clave2'),
(3, 'Laptop', 'clave3'),
(4, 'Móvil', 'clave4'),
(5, 'Tablet', 'clave5'),
(6, 'Laptop', 'clave6'),
(7, 'Móvil', 'clave7'),
(8, 'Tablet', 'clave8'),
(9, 'Laptop', 'clave9'),
(10, 'Móvil', 'clave10'),
(11, 'Tablet', 'clave11'),
(12, 'Laptop', 'clave12'),
(13, 'Móvil', 'clave13'),
(14, 'Tablet', 'clave14'),
(15, 'Laptop', 'clave15'),
(16, 'Móvil', 'clave16'),
(17, 'Tablet', 'clave17'),
(18, 'Laptop', 'clave18'),
(19, 'Móvil', 'clave19'),
(20, 'Tablet', 'clave20');

-- Poblar la tabla CONTACTOS
INSERT INTO CONTACTOS (idUsuario, nombre, apellido, telefono, email) VALUES
(1, 'Roberto', 'Gómez', '555-1111', 'robertog@example.com'),
(2, 'Laura', 'Pérez', '555-2222', 'laurap@example.com'),
(3, 'Sofía', 'López', '555-3333', 'sofial@example.com'),
(4, 'David', 'Martínez', '555-4444', 'davidm@example.com'),
(5, 'Lucía', 'Sánchez', '555-5555', 'lucias@example.com'),
(6, 'Miguel', 'García', '555-6666', 'miguelg@example.com'),
(7, 'Javier', 'Díaz', '555-7777', 'javierd@example.com'),
(8, 'Carolina', 'Ruiz', '555-8888', 'carolinar@example.com'),
(9, 'Pablo', 'Hernández', '555-9999', 'pabloh@example.com'),
(10, 'Raquel', 'Jiménez', '555-0000', 'raquelj@example.com'),
(11, 'Sergio', 'Moreno', '555-1234', 'sergiom@example.com'),
(12, 'Clara', 'Muñoz', '555-2345', 'claram@example.com'),
(13, 'Mario', 'Romero', '555-3456', 'marior@example.com'),
(14, 'Elisa', 'Navarro', '555-4567', 'elisan@example.com'),
(15, 'Rosa', 'Ramos', '555-5678', 'rosar@example.com'),
(16, 'Daniel', 'Gil', '555-6789', 'danielg@example.com'),
(17, 'Marta', 'Ortiz', '555-7890', 'martao@example.com'),
(18, 'Pedro', 'Alonso', '555-8901', 'pedroa@example.com'),
(19, 'Silvia', 'Torres', '555-9012', 'silviat@example.com'),
(20, 'Enrique', 'Vázquez', '555-0123', 'enriquev@example.com');

-- Poblar la tabla CONTACTO_USUARIO
INSERT INTO CONTACTO_USUARIO (idUsuario, nombre, apellido) VALUES
(1, 'Roberto', 'Gómez'),
(2, 'Laura', 'Pérez'),
(3, 'Sofía', 'López'),
(4, 'David', 'Martínez'),
(5, 'Lucía', 'Sánchez'),
(6, 'Miguel', 'García'),
(7, 'Javier', 'Díaz'),
(8, 'Carolina', 'Ruiz'),
(9, 'Pablo', 'Hernández'),
(10, 'Raquel', 'Jiménez'),
(11, 'Sergio', 'Moreno'),
(12, 'Clara', 'Muñoz'),
(13, 'Mario', 'Romero'),
(14, 'Elisa', 'Navarro'),
(15, 'Rosa', 'Ramos'),
(16, 'Daniel', 'Gil'),
(17, 'Marta', 'Ortiz'),
(18, 'Pedro', 'Alonso'),
(19, 'Silvia', 'Torres'),
(20, 'Enrique', 'Vázquez');

-- Poblar la tabla CONVERSACION
INSERT INTO CONVERSACION (titulo, idUsuario, idCanal) VALUES
('Conversación 1', 1, 'canal1'),
('Conversación 2', 2, 'canal2'),
('Conversación 3', 3, 'canal3'),
('Conversación 4', 4, 'canal4'),
('Conversación 5', 5, 'canal5'),
('Conversación 6', 6, 'canal6'),
('Conversación 7', 7, 'canal7'),
('Conversación 8', 8, 'canal8'),
('Conversación 9', 9, 'canal9'),
('Conversación 10', 10, 'canal10'),
('Conversación 11', 11, 'canal11'),
('Conversación 12', 12, 'canal12'),
('Conversación 13', 13, 'canal13'),
('Conversación 14', 14, 'canal14'),
('Conversación 15', 15, 'canal15'),
('Conversación 16', 16, 'canal16'),
('Conversación 17', 17, 'canal17'),
('Conversación 18', 18, 'canal18'),
('Conversación 19', 19, 'canal19'),
('Conversación 20', 20, 'canal20');

-- Poblar la tabla PARTICIPANTES
INSERT INTO PARTICIPANTES (idConversacion, idUsuario, tipoUsuario) VALUES
(1, 1, 'USER'),
(2, 2, 'USER'),
(3, 3, 'USER'),
(4, 4, 'ADMIN'),
(5, 5, 'USER'),
(6, 6, 'MODERADOR'),
(7, 7, 'USER'),
(8, 8, 'USER'),
(9, 9, 'USER'),
(10, 10, 'USER'),
(11, 11, 'USER'),
(12, 12, 'USER'),
(13, 13, 'USER'),
(14, 14, 'USER'),
(15, 15, 'USER'),
(16, 16, 'USER'),
(17, 17, 'USER'),
(18, 18, 'USER'),
(19, 19, 'USER'),
(20, 20, 'USER');

-- Poblar la tabla MENSAJES
-- Poblar la tabla MENSAJES
INSERT INTO MENSAJES (idConversacion, idUsuario, tipoMensaje, mensaje) VALUES
(1, 1, 'TEXT', 'Hola, ¿cómo estás?'),
(2, 2, 'TEXT', 'Bien, ¿y tú?'),
(3, 3, 'IMAGE', 'Imagen1.jpg'),
(4, 4, 'VIDEO', 'Video1.mp4'),
(5, 5, 'TEXT', '¡Hola a todos!'),
(6, 6, 'TEXT', 'Hola, ¿qué tal?'),
(7, 7, 'IMAGE', 'Imagen2.jpg'),
(8, 8, 'VIDEO', 'Video2.mp4'),
(9, 9, 'TEXT', 'Mensaje de prueba'),
(10, 10, 'TEXT', 'Otro mensaje de prueba'),
(11, 11, 'IMAGE', 'Imagen3.jpg'),
(12, 12, 'VIDEO', 'Video3.mp4'),
(13, 13, 'TEXT', 'Hola, ¿qué haces?'),
(14, 14, 'TEXT', 'Nada, ¿y tú?'),
(15, 15, 'IMAGE', 'Imagen4.jpg'),
(16, 16, 'VIDEO', 'Video4.mp4'),
(17, 17, 'TEXT', 'Probando, probando'),
(18, 18, 'TEXT', 'Mensaje de ejemplo'),
(19, 19, 'IMAGE', 'Imagen5.jpg'),
(20, 20, 'VIDEO', 'Video5.mp4');

-- Poblar la tabla MENSAJES_ELIMINADOS
INSERT INTO MENSAJES_ELIMINADOS (idMensaje, idUsuario) VALUES
(1, 1),
(2, 2),
(3, 3),
(4, 4),
(5, 5),
(6, 6),
(7, 7),
(8, 8),
(9, 9),
(10, 10),
(11, 11),
(12, 12),
(13, 13),
(14, 14),
(15, 15),
(16, 16),
(17, 17),
(18, 18),
(19, 19),
(20, 20);

-- Poblar la tabla CONVERSACION_ELIMINADA
INSERT INTO CONVERSACION_ELIMINADA (idConversacion, idUsuario) VALUES
(1, 1),
(2, 2),
(3, 3),
(4, 4),
(5, 5),
(6, 6),
(7, 7),
(8, 8),
(9, 9),
(10, 10),
(11, 11),
(12, 12),
(13, 13),
(14, 14),
(15, 15),
(16, 16),
(17, 17),
(18, 18),
(19, 19),
(20, 20);

-- Poblar la tabla ACCESO
INSERT INTO ACCESO (idUsuario, idDispositivo, token) VALUES
(1, 1, 'token1'),
(2, 2, 'token2'),
(3, 3, 'token3'),
(4, 4, 'token4'),
(5, 5, 'token5'),
(6, 6, 'token6'),
(7, 7, 'token7'),
(8, 8, 'token8'),
(9, 9, 'token9'),
(10, 10, 'token10'),
(11, 11, 'token11'),
(12, 12, 'token12'),
(13, 13, 'token13'),
(14, 14, 'token14'),
(15, 15, 'token15'),
(16, 16, 'token16'),
(17, 17, 'token17'),
(18, 18, 'token18'),
(19, 19, 'token19'),
(20, 20, 'token20');

-- Poblar la tabla USUARIOS_BLOQUEADOS
INSERT INTO USUARIOS_BLOQUEADOS (idUsuario, idParticipante, telefono) VALUES
(1, 1, '555-1111'),
(2, 2, '555-2222'),
(3, 3, '555-3333'),
(4, 4, '555-4444'),
(5, 5, '555-5555'),
(6, 6, '555-6666'),
(7, 7, '555-7777'),
(8, 8, '555-8888'),
(9, 9, '555-9999'),
(10, 10, '555-0000'),
(11, 11, '555-1234'),
(12, 12, '555-2345'),
(13, 13, '555-3456'),
(14, 14, '555-4567'),
(15, 15, '555-5678'),
(16, 16, '555-6789'),
(17, 17, '555-7890'),
(18, 18, '555-8901'),
(19, 19, '555-9012'),
(20, 20, '555-0123');

-- Poblar la tabla REPORTES
INSERT INTO REPORTES (idUsuario, idParticipante, tipoReporte, nota) VALUES
(1, 1, 'Spam', 'Usuario envía spam.'),
(2, 2, 'Abuso', 'Usuario ha sido abusivo.'),
(3, 3, 'Contenido inapropiado', 'Usuario comparte contenido inapropiado.'),
(4, 4, 'Spam', 'Usuario envía spam.'),
(5, 5, 'Abuso', 'Usuario ha sido abusivo.'),
(6, 6, 'Contenido inapropiado', 'Usuario comparte contenido inapropiado.'),
(7, 7, 'Spam', 'Usuario envía spam.'),
(8, 8, 'Abuso', 'Usuario ha sido abusivo.'),
(9, 9, 'Contenido inapropiado', 'Usuario comparte contenido inapropiado.'),
(10, 10, 'Spam', 'Usuario envía spam.'),
(11, 11, 'Abuso', 'Usuario ha sido abusivo.'),
(12, 12, 'Contenido inapropiado', 'Usuario comparte contenido inapropiado.'),
(13, 13, 'Spam', 'Usuario envía spam.'),
(14, 14, 'Abuso', 'Usuario ha sido abusivo.'),
(15, 15, 'Contenido inapropiado', 'Usuario comparte contenido inapropiado.'),
(16, 16, 'Spam', 'Usuario envía spam.'),
(17, 17, 'Abuso', 'Usuario ha sido abusivo.'),
(18, 18, 'Contenido inapropiado', 'Usuario comparte contenido inapropiado.'),
(19, 19, 'Spam', 'Usuario envía spam.'),
(20, 20, 'Abuso', 'Usuario ha sido abusivo.');

